iso,country,net_oil_trade_usd_1519,data_source,n_years_1519,net_oil_gas_trade_usd_1519,net_oil_trade_usd_1921,data_source_1921,net_oil_trade_gdp_1519,exportador_neto,exportador_gas,exportador_1921,exportador_manual
VEN,Venezuela,25203289193.817802,mirror,5,25196090652.2886,6531333556.561668,mirror,18.999905535916106,True,True,True,True
COL,Colombia,9937356600.460001,own,5,9890581798.218,9298260064.726667,own,2.5790502976436986,True,True,True,True
ECU,Ecuador,5336865451.0366,own,5,4920528709.5276,5424866279.424333,own,4.1595840378408075,True,True,True,True
BRA,Brazil,4494387138.6,own,5,782964014.8,15170682899.666666,own,0.19056409816728323,True,True,True,False
TTO,Trinidad and Tobago,7936520.60179987,own,5,1914064243.2364,1198631547.5373333,own,0.025797898174157386,True,True,True,True
KNA,St. Kitts and Nevis,-4227919.8193333335,own,3,-4414197.550333334,-43989414.71666667,mirror,-0.32566148889998076,False,False,False,False
DMA,Dominica,-26632729.298,own,4,-28831376.1575,-14654831.983666666,own,-3.8059805216074083,False,False,False,False
VCT,St. Vincent and the Grenadines,-35507257.831,own,5,-39917172.874800004,-36142874.902333334,own,-3.3585559299028205,False,False,False,False
ATG,Antigua and Barbuda,-50505627.9386,own,5,-50513382.93640001,-60799119.301,own,-2.6947688860159746,False,False,False,False
ABW,Aruba,-60205328.0638,own,5,-60293109.5086,-54707003.447000004,own,-1.5368593577466427,False,False,False,False
GRD,Grenada,-72296715.73740001,own,5,-77597703.20140001,-60746919.26066667,own,-5.212632862377356,False,False,False,False
BLZ,Belize,-81690211.70899999,own,5,-97484745.15900001,-90338863.49966668,own,-2.876654951221299,False,False,False,False
LCA,St. Lucia,-93432844.5242,own,5,-102556148.868,-70735226.09,own,-3.808974299855767,False,False,False,False
SUR,Suriname,-138746678.6598,own,5,-138807063.9888,-133086571.20266668,own,-2.769440111790252,False,False,False,False
BRB,Barbados,-203121602.5,own,5,-213483843.2,-208627681.83333334,own,-3.257280514553893,False,False,False,False
HTI,Haiti,-418971224.7356667,own,3,-434043362.203,-270772554.937,mirror,-2.235720368350712,False,False,False,False
GUY,Guyana,-427289970.64,own,5,-441427197.1098,2069439450.931,own,-7.302419385071611,False,False,True,True
BHS,"Bahamas, The",-477327770.66400003,own,5,-492613022.21620005,-464087153.59999996,own,-3.117541053491227,False,False,False,False
NIC,Nicaragua,-726885140.1600001,own,5,-785207290.552,-1004953271.7766666,own,-4.439550097826013,False,False,False,False
ARG,Argentina,-932098613.05,own,5,-2942938734.354,-307508947.4866666,own,-0.13230516895786978,False,False,False,False
URY,Uruguay,-964499984.8080002,own,5,-1023041868.516,-1041966815.8266667,own,-1.253464943396018,False,False,False,False
BOL,Bolivia,-986875971.5139999,own,5,1871920339.0059998,-1529215005.2966669,own,-2.118331817861013,False,True,False,True
JAM,Jamaica,-1013158836.0836,own,5,-1110969030.0184002,-846183074.4793333,own,-5.455271664309907,False,False,False,False
SLV,El Salvador,-1034726023.718,own,5,-1202884627.666,-1018673889.4833332,own,-3.305987516857812,False,False,False,False
HND,Honduras,-1307352177.196,own,5,-1330065863.4699998,-1395717625.18,own,-4.561192223556137,False,False,False,False
CRI,Costa Rica,-1364540946.4529998,own,5,-1436954261.8014,-1308920508.7633333,own,-1.8078984686771147,False,False,False,False
PRY,Paraguay,-1366403516.6,own,5,-1409455735.8,-1427545710.3333333,own,-2.8908308316131337,False,False,False,False
MEX,Mexico,-1680577239.2,own,5,-8681631069.0,-1360779183.0,own,-0.11086578001718224,False,False,False,True
PAN,Panama,-1840722665.6,own,5,-1919516208.0,-1581131582.0,own,-2.325966610766822,False,False,False,False
GTM,Guatemala,-1988400222.4,own,5,-2209718797.4,-2271989306.6666665,own,-2.2774810778041696,False,False,False,False
DOM,Dominican Republic,-2086684562.9005997,own,5,-2789007218.8086,-2240673222.312,own,-2.0842945440328475,False,False,False,False
PER,Peru,-2676673676.194,own,5,-2083825777.0240002,-3075346034.7100005,own,-1.0105580498590767,False,False,False,False
CHL,Chile,-7181641822.535601,own,5,-8638194611.8064,-7590002680.989667,own,-2.1472272402041788,False,False,False,False
PRI,Puerto Rico,,external,0,,,external,,False,False,False,False
