iso,year,cmd,flow,value_usd,source,n_partners
ABW,2015,2709,M,0.0,own,
ABW,2015,2709,X,0.0,own,
ABW,2015,2710,M,59241936.0,own,
ABW,2015,2710,X,15105.0,own,
ABW,2015,2711,M,136765.0,own,
ABW,2015,2711,X,141747.0,own,
ABW,2016,2709,M,0.0,own,
ABW,2016,2709,X,0.0,own,
ABW,2016,2710,M,44511963.67,own,
ABW,2016,2710,X,11727.29,own,
ABW,2016,2711,M,136860.65,own,
ABW,2016,2711,X,86656.33,own,
ABW,2017,2709,M,0.0,own,
ABW,2017,2709,X,0.0,own,
ABW,2017,2710,M,62571196.204,own,
ABW,2017,2710,X,51017.875,own,
ABW,2017,2711,M,124718.99,own,
ABW,2017,2711,X,46843.015,own,
ABW,2018,2709,M,0.0,own,
ABW,2018,2709,X,0.0,own,
ABW,2018,2710,M,74848489.823,own,
ABW,2018,2710,X,36078.211,own,
ABW,2018,2711,M,153164.8,own,
ABW,2018,2711,X,5088.268,own,
ABW,2019,2709,M,0.0,own,
ABW,2019,2709,X,1.117,own,
ABW,2019,2710,M,59973544.45,own,
ABW,2019,2710,X,6560.335,own,
ABW,2019,2711,M,169196.084,own,
ABW,2019,2711,X,1463.687,own,
ABW,2020,2709,M,0.0,own,
ABW,2020,2709,X,2.235,own,
ABW,2020,2710,M,44575754.439,own,
ABW,2020,2710,X,27413.407,own,
ABW,2020,2711,M,210362.563,own,
ABW,2020,2711,X,2476.536,own,
ABW,2021,2709,M,0.0,own,
ABW,2021,2709,X,48.603,own,
ABW,2021,2710,M,59628786.869,own,
ABW,2021,2710,X,23049.72,own,
ABW,2021,2711,M,30211.731,own,
ABW,2021,2711,X,2131.844,own,
ABW,2022,2709,M,0.0,own,
ABW,2022,2709,X,0.0,own,
ABW,2022,2710,M,98070061.187,own,
ABW,2022,2710,X,23199.441,own,
ABW,2022,2711,M,27734.078,own,
ABW,2022,2711,X,1005.587,own,
ABW,2023,2709,M,0.0,own,
ABW,2023,2709,X,0.0,own,
ABW,2023,2710,M,89807995.94,own,
ABW,2023,2710,X,65747.485,own,
ABW,2023,2711,M,49462.01,own,
ABW,2023,2711,X,1032.402,own,
ARG,2015,2709,M,355737481.06,own,
ARG,2015,2709,X,670929750.82,own,
ARG,2015,2710,M,2121216353.42,own,
ARG,2015,2710,X,399519737.53,own,
ARG,2015,2711,M,3537921357.85,own,
ARG,2015,2711,X,312696407.01,own,
ARG,2016,2709,M,278747010.11,own,
ARG,2016,2709,X,748543642.78,own,
ARG,2016,2710,M,1873203846.05,own,
ARG,2016,2710,X,326073503.31,own,
ARG,2016,2711,M,1911266959.19,own,
ARG,2016,2711,X,302946917.53,own,
ARG,2017,2709,M,455187605.15,own,
ARG,2017,2709,X,575226736.36,own,
ARG,2017,2710,M,2034319185.88,own,
ARG,2017,2710,X,537325849.51,own,
ARG,2017,2711,M,2238180222.7,own,
ARG,2017,2711,X,405170242.53,own,
ARG,2018,2709,M,181108939.58,own,
ARG,2018,2709,X,1474856038.88,own,
ARG,2018,2710,M,2809184285.15,own,
ARG,2018,2710,X,798671240.14,own,
ARG,2018,2711,M,2453728923.47,own,
ARG,2018,2711,X,203383903.83,own,
ARG,2019,2709,M,0.0,own,
ARG,2019,2709,X,1119911767.13,own,
ARG,2019,2710,M,1862397816.21,own,
ARG,2019,2710,X,659551190.9,own,
ARG,2019,2711,M,1699975761.71,own,
ARG,2019,2711,X,562675147.5,own,
ARG,2020,2709,M,39.72,own,
ARG,2020,2709,X,570359836.68,own,
ARG,2020,2710,M,876425641.81,own,
ARG,2020,2710,X,566622926.38,own,
ARG,2020,2711,M,1196707960.65,own,
ARG,2020,2711,X,326131182.99,own,
ARG,2021,2709,M,0.0,own,
ARG,2021,2709,X,1161542098.58,own,
ARG,2021,2710,M,2864138904.1,own,
ARG,2021,2710,X,602447739.71,own,
ARG,2021,2711,M,2153034890.55,own,
ARG,2021,2711,X,294873615.49,own,
ARG,2022,2709,M,1030.81,own,
ARG,2022,2709,X,3072569252.61,own,
ARG,2022,2710,M,6756149655.09,own,
ARG,2022,2710,X,949915086.07,own,
ARG,2022,2711,M,4269557744.94,own,
ARG,2022,2711,X,1376154892.41,own,
ARG,2023,2709,M,219.64,own,
ARG,2023,2709,X,3733440372.73,own,
ARG,2023,2710,M,3577471263.48,own,
ARG,2023,2710,X,827480545.55,own,
ARG,2023,2711,M,2678060757.59,own,
ARG,2023,2711,X,1295948505.24,own,
ATG,2015,2709,M,0.0,own,
ATG,2015,2709,X,0.0,own,
ATG,2015,2710,M,77044187.0,own,
ATG,2015,2710,X,287438.0,own,
ATG,2015,2711,M,7568.0,own,
ATG,2015,2711,X,0.0,own,
ATG,2016,2709,M,991.0,own,
ATG,2016,2709,X,0.0,own,
ATG,2016,2710,M,74231096.0,own,
ATG,2016,2710,X,622728.0,own,
ATG,2016,2711,M,6941.0,own,
ATG,2016,2711,X,0.0,own,
ATG,2017,2709,M,1036.729,own,
ATG,2017,2709,X,0.0,own,
ATG,2017,2710,M,101878722.769,own,
ATG,2017,2710,X,86826.38,own,
ATG,2017,2711,M,8447.714,own,
ATG,2017,2711,X,11.111,own,
ATG,2018,2709,M,705.329,own,
ATG,2018,2709,X,0.0,own,
ATG,2018,2710,M,3026232.185,own,
ATG,2018,2710,X,1043245.846,own,
ATG,2018,2711,M,10372.604,own,
ATG,2018,2711,X,0.0,own,
ATG,2019,2709,M,580.737,own,
ATG,2019,2709,X,0.0,own,
ATG,2019,2710,M,2867024.029,own,
ATG,2019,2710,X,4482197.859,own,
ATG,2019,2711,M,5579.123,own,
ATG,2019,2711,X,122.341,own,
ATG,2020,2709,M,0.0,own,
ATG,2020,2709,X,0.0,own,
ATG,2020,2710,M,74304722.762,own,
ATG,2020,2710,X,3664318.312,own,
ATG,2020,2711,M,9651.008,own,
ATG,2020,2711,X,0.0,own,
ATG,2021,2709,M,164.915,own,
ATG,2021,2709,X,0.0,own,
ATG,2021,2710,M,118275029.0,own,
ATG,2021,2710,X,4903647.369,own,
ATG,2021,2711,M,554861.285,own,
ATG,2021,2711,X,0.0,own,
ATG,2022,2709,M,14237.07,own,
ATG,2022,2709,X,853.156,own,
ATG,2022,2710,M,3609178.1,own,
ATG,2022,2710,X,7915708.47,own,
ATG,2022,2711,M,313057.052,own,
ATG,2022,2711,X,0.0,own,
ATG,2023,2709,M,1577.3,own,
ATG,2023,2709,X,0.0,own,
ATG,2023,2710,M,4064141.748,own,
ATG,2023,2710,X,7913251.94,own,
ATG,2023,2711,M,578108.236,own,
ATG,2023,2711,X,0.0,own,
BHS,2015,2709,M,275305.0,own,
BHS,2015,2709,X,4317.0,own,
BHS,2015,2710,M,520197556.0,own,
BHS,2015,2710,X,70345619.0,own,
BHS,2015,2711,M,13207985.0,own,
BHS,2015,2711,X,0.0,own,
BHS,2016,2709,M,14664.0,own,
BHS,2016,2709,X,0.0,own,
BHS,2016,2710,M,386096683.0,own,
BHS,2016,2710,X,45507939.0,own,
BHS,2016,2711,M,12871884.0,own,
BHS,2016,2711,X,1900.0,own,
BHS,2017,2709,M,4428.01,own,
BHS,2017,2709,X,0.0,own,
BHS,2017,2710,M,535808829.39,own,
BHS,2017,2710,X,72688979.46,own,
BHS,2017,2711,M,16038562.27,own,
BHS,2017,2711,X,2600.01,own,
BHS,2018,2709,M,13566.94,own,
BHS,2018,2709,X,0.0,own,
BHS,2018,2710,M,564993631.09,own,
BHS,2018,2710,X,101550452.45,own,
BHS,2018,2711,M,16311660.74,own,
BHS,2018,2711,X,7835.97,own,
BHS,2019,2709,M,2270.984,own,
BHS,2019,2709,X,0.0,own,
BHS,2019,2710,M,748731208.582,own,
BHS,2019,2710,X,79401982.766,own,
BHS,2019,2711,M,18008509.731,own,
BHS,2019,2711,X,8.0,own,
BHS,2020,2709,M,11490.0,own,
BHS,2020,2709,X,0.0,own,
BHS,2020,2710,M,376159878.0,own,
BHS,2020,2710,X,96324390.0,own,
BHS,2020,2711,M,9746040.0,own,
BHS,2020,2711,X,0.0,own,
BHS,2021,2709,M,29216.0,own,
BHS,2021,2709,X,0.0,own,
BHS,2021,2710,M,627626410.0,own,
BHS,2021,2710,X,184572640.0,own,
BHS,2021,2711,M,28117393.0,own,
BHS,2021,2711,X,516.0,own,
BHS,2022,2709,M,81948.0,own,
BHS,2022,2709,X,1500.0,own,
BHS,2022,2710,M,577835824.0,own,
BHS,2022,2710,X,161073038.0,own,
BHS,2022,2711,M,24276603.0,own,
BHS,2022,2711,X,0.0,own,
BHS,2023,2709,M,72087.0,own,
BHS,2023,2709,X,0.0,own,
BHS,2023,2710,M,599532309.0,own,
BHS,2023,2710,X,172600425.0,own,
BHS,2023,2711,M,22906568.0,own,
BHS,2023,2711,X,3550.0,own,
BLZ,2015,2709,M,67.0,own,
BLZ,2015,2709,X,18190884.0,own,
BLZ,2015,2710,M,98260294.0,own,
BLZ,2015,2710,X,8615003.0,own,
BLZ,2015,2711,M,12096937.0,own,
BLZ,2015,2711,X,0.0,own,
BLZ,2016,2709,M,91.0,own,
BLZ,2016,2709,X,11241534.0,own,
BLZ,2016,2710,M,81161969.0,own,
BLZ,2016,2710,X,6470453.0,own,
BLZ,2016,2711,M,12785322.0,own,
BLZ,2016,2711,X,0.0,own,
BLZ,2017,2709,M,0.0,own,
BLZ,2017,2709,X,11373065.0,own,
BLZ,2017,2710,M,90822971.535,own,
BLZ,2017,2710,X,9579975.76,own,
BLZ,2017,2711,M,17283854.575,own,
BLZ,2017,2711,X,0.0,own,
BLZ,2018,2709,M,280.38,own,
BLZ,2018,2709,X,12324277.7,own,
BLZ,2018,2710,M,120923388.71,own,
BLZ,2018,2710,X,13363335.735,own,
BLZ,2018,2711,M,20067284.92,own,
BLZ,2018,2711,X,0.0,own,
BLZ,2019,2709,M,197.66,own,
BLZ,2019,2709,X,10162548.902,own,
BLZ,2019,2710,M,130227946.692,own,
BLZ,2019,2710,X,11625070.335,own,
BLZ,2019,2711,M,16739268.755,own,
BLZ,2019,2711,X,0.0,own,
BLZ,2020,2709,M,138.88,own,
BLZ,2020,2709,X,2445222.265,own,
BLZ,2020,2710,M,67371992.695,own,
BLZ,2020,2710,X,3768228.18,own,
BLZ,2020,2711,M,12269203.615,own,
BLZ,2020,2711,X,0.0,own,
BLZ,2021,2709,M,0.0,own,
BLZ,2021,2709,X,4302535.339,own,
BLZ,2021,2710,M,112880952.288,own,
BLZ,2021,2710,X,7161032.695,own,
BLZ,2021,2711,M,19384343.01,own,
BLZ,2021,2711,X,0.0,own,
BLZ,2022,2709,M,229.065,own,
BLZ,2022,2709,X,1173230.106,own,
BLZ,2022,2710,M,201999214.398,own,
BLZ,2022,2710,X,21231718.79,own,
BLZ,2022,2711,M,21016234.77,own,
BLZ,2022,2711,X,0.0,own,
BLZ,2023,2709,M,0.0,own,
BLZ,2023,2709,X,717161.595,own,
BLZ,2023,2710,M,177943866.636,own,
BLZ,2023,2710,X,20893949.83,own,
BLZ,2023,2711,M,15728133.8,own,
BLZ,2023,2711,X,0.0,own,
BOL,2015,2709,M,7207.77,own,
BOL,2015,2709,X,200769443.85,own,
BOL,2015,2710,M,1093306732.11,own,
BOL,2015,2710,X,46605001.02,own,
BOL,2015,2711,M,22816.81,own,
BOL,2015,2711,X,3784762886.2,own,
BOL,2016,2709,M,6381.04,own,
BOL,2016,2709,X,84600294.82,own,
BOL,2016,2710,M,758534018.15,own,
BOL,2016,2710,X,45843978.07,own,
BOL,2016,2711,M,70933.5,own,
BOL,2016,2711,X,2090573535.91,own,
BOL,2017,2709,M,962.07,own,
BOL,2017,2709,X,51703700.02,own,
BOL,2017,2710,M,928851513.67,own,
BOL,2017,2710,X,46448169.76,own,
BOL,2017,2711,M,29268.95,own,
BOL,2017,2711,X,2635740126.64,own,
BOL,2018,2709,M,0.0,own,
BOL,2018,2709,X,72118813.93,own,
BOL,2018,2710,M,1254236830.45,own,
BOL,2018,2710,X,46676492.45,own,
BOL,2018,2711,M,40769.95,own,
BOL,2018,2711,X,3023321692.19,own,
BOL,2019,2709,M,430.75,own,
BOL,2019,2709,X,21483108.65,own,
BOL,2019,2710,M,1558873621.9,own,
BOL,2019,2710,X,43188837.77,own,
BOL,2019,2711,M,19885.08,own,
BOL,2019,2711,X,2759766985.95,own,
BOL,2020,2709,M,28.59,own,
BOL,2020,2709,X,10517484.71,own,
BOL,2020,2710,M,912339741.42,own,
BOL,2020,2710,X,10055147.06,own,
BOL,2020,2711,M,115886.9,own,
BOL,2020,2711,X,2017402973.86,own,
BOL,2021,2709,M,106.47,own,
BOL,2021,2709,X,20283766.05,own,
BOL,2021,2710,M,2239764890.09,own,
BOL,2021,2710,X,17805459.09,own,
BOL,2021,2711,M,221006.58,own,
BOL,2021,2711,X,2321464870.96,own,
BOL,2022,2709,M,791.0,own,
BOL,2022,2709,X,395801.35,own,
BOL,2022,2710,M,4350949529.0,own,
BOL,2022,2710,X,37722328.52,own,
BOL,2022,2711,M,39428.0,own,
BOL,2022,2711,X,3049209004.16,own,
BOL,2023,2709,M,38941536.0,own,
BOL,2023,2709,X,11437216.17,own,
BOL,2023,2710,M,2933721730.0,own,
BOL,2023,2710,X,37741175.6,own,
BOL,2023,2711,M,12284.0,own,
BOL,2023,2711,X,2076977477.65,own,
BRA,2015,2709,M,7598390319.0,own,
BRA,2015,2709,X,11781324149.0,own,
BRA,2015,2710,M,9149428913.0,own,
BRA,2015,2710,X,1689737256.0,own,
BRA,2015,2711,M,6351101926.0,own,
BRA,2015,2711,X,13145058.0,own,
BRA,2016,2709,M,3009306274.0,own,
BRA,2016,2709,X,10073804866.0,own,
BRA,2016,2710,M,7770290357.0,own,
BRA,2016,2710,X,1151573323.0,own,
BRA,2016,2711,M,2959836211.0,own,
BRA,2016,2711,X,94680992.0,own,
BRA,2017,2709,M,3046182674.0,own,
BRA,2017,2709,X,16625024187.0,own,
BRA,2017,2710,M,12427571884.0,own,
BRA,2017,2710,X,1778618062.0,own,
BRA,2017,2711,M,2628750352.0,own,
BRA,2017,2711,X,47607024.0,own,
BRA,2018,2709,M,5162961311.0,own,
BRA,2018,2709,X,25251318666.0,own,
BRA,2018,2710,M,13408306633.0,own,
BRA,2018,2710,X,4001657625.0,own,
BRA,2018,2711,M,3925480341.0,own,
BRA,2018,2711,X,475186.0,own,
BRA,2019,2709,M,4813815110.0,own,
BRA,2019,2709,X,24199539301.0,own,
BRA,2019,2710,M,13559960243.0,own,
BRA,2019,2710,X,5865551976.0,own,
BRA,2019,2711,M,2848386726.0,own,
BRA,2019,2711,X,531677.0,own,
BRA,2020,2709,M,2761144320.0,own,
BRA,2020,2709,X,19613857928.0,own,
BRA,2020,2710,M,7951265790.0,own,
BRA,2020,2710,X,5058434271.0,own,
BRA,2020,2711,M,1902682983.0,own,
BRA,2020,2711,X,25682954.0,own,
BRA,2021,2709,M,4093484412.0,own,
BRA,2021,2709,X,30608981810.0,own,
BRA,2021,2710,M,13917978972.0,own,
BRA,2021,2710,X,7263332260.0,own,
BRA,2021,2711,M,6220133613.0,own,
BRA,2021,2711,X,35706576.0,own,
BRA,2022,2709,M,10145098434.0,own,
BRA,2022,2709,X,42688098560.0,own,
BRA,2022,2710,M,24683616633.0,own,
BRA,2022,2710,X,13036328436.0,own,
BRA,2022,2711,M,6620270712.0,own,
BRA,2022,2711,X,3714328.0,own,
BRA,2023,2709,M,9382113744.0,own,
BRA,2023,2709,X,42611148597.0,own,
BRA,2023,2710,M,18525387959.0,own,
BRA,2023,2710,X,11254337022.0,own,
BRA,2023,2711,M,2501926442.0,own,
BRA,2023,2711,X,47235042.0,own,
BRB,2015,2709,M,0.0,own,
BRB,2015,2709,X,13961043.0,own,
BRB,2015,2710,M,290726901.0,own,
BRB,2015,2710,X,75581906.0,own,
BRB,2015,2711,M,8007974.0,own,
BRB,2015,2711,X,170.0,own,
BRB,2016,2709,M,439.0,own,
BRB,2016,2709,X,8870732.0,own,
BRB,2016,2710,M,239890363.0,own,
BRB,2016,2710,X,67929110.0,own,
BRB,2016,2711,M,9390392.0,own,
BRB,2016,2711,X,0.0,own,
BRB,2017,2709,M,0.0,own,
BRB,2017,2709,X,12815228.5,own,
BRB,2017,2710,M,298909394.5,own,
BRB,2017,2710,X,94641163.0,own,
BRB,2017,2711,M,11593829.5,own,
BRB,2017,2711,X,145.0,own,
BRB,2018,2709,M,0.0,own,
BRB,2018,2709,X,11098570.0,own,
BRB,2018,2710,M,354400230.5,own,
BRB,2018,2710,X,109154833.0,own,
BRB,2018,2711,M,12789271.0,own,
BRB,2018,2711,X,0.0,own,
BRB,2019,2709,M,0.0,own,
BRB,2019,2709,X,15100491.0,own,
BRB,2019,2710,M,349274241.0,own,
BRB,2019,2710,X,108440480.0,own,
BRB,2019,2711,M,10030144.0,own,
BRB,2019,2711,X,92.0,own,
BRB,2020,2709,M,0.0,own,
BRB,2020,2709,X,9292123.0,own,
BRB,2020,2710,M,244931897.5,own,
BRB,2020,2710,X,80907451.5,own,
BRB,2020,2711,M,12270728.0,own,
BRB,2020,2711,X,150.0,own,
BRB,2021,2709,M,1974013.5,own,
BRB,2021,2709,X,5988363.0,own,
BRB,2021,2710,M,322512174.5,own,
BRB,2021,2710,X,73080372.5,own,
BRB,2021,2711,M,13388851.0,own,
BRB,2021,2711,X,0.0,own,
BRB,2022,2709,M,0.0,own,
BRB,2022,2709,X,13355328.5,own,
BRB,2022,2710,M,535349724.5,own,
BRB,2022,2710,X,175649528.0,own,
BRB,2022,2711,M,19627969.0,own,
BRB,2022,2711,X,0.0,own,
BRB,2023,2709,M,0.0,own,
BRB,2023,2709,X,10392488.0,own,
BRB,2023,2710,M,513200846.0,own,
BRB,2023,2710,X,165016143.0,own,
BRB,2023,2711,M,17305096.5,own,
BRB,2023,2711,X,236.0,own,
CHL,2015,2709,M,2874348990.54,own,
CHL,2015,2709,X,0.0,own,
CHL,2015,2710,M,4013798505.122,own,
CHL,2015,2710,X,506915030.425,own,
CHL,2015,2711,M,1262444426.417,own,
CHL,2015,2711,X,12496331.484,own,
CHL,2016,2709,M,2383270367.25,own,
CHL,2016,2709,X,0.0,own,
CHL,2016,2710,M,3420529509.745,own,
CHL,2016,2710,X,401008401.403,own,
CHL,2016,2711,M,1230115724.191,own,
CHL,2016,2711,X,94732234.571,own,
CHL,2017,2709,M,3272102482.82,own,
CHL,2017,2709,X,0.0,own,
CHL,2017,2710,M,4128018847.692,own,
CHL,2017,2710,X,572721094.2,own,
CHL,2017,2711,M,1543591535.869,own,
CHL,2017,2711,X,101527665.005,own,
CHL,2018,2709,M,4233207153.0,own,
CHL,2018,2709,X,0.0,own,
CHL,2018,2710,M,5376475930.337,own,
CHL,2018,2710,X,706336391.831,own,
CHL,2018,2711,M,1887553325.592,own,
CHL,2018,2711,X,123664292.079,own,
CHL,2019,2709,M,4207017792.16,own,
CHL,2019,2709,X,0.0,own,
CHL,2019,2710,M,4791654701.492,own,
CHL,2019,2710,X,605234249.621,own,
CHL,2019,2711,M,1741964461.792,own,
CHL,2019,2711,X,50485004.368,own,
CHL,2020,2709,M,2319356003.37,own,
CHL,2020,2709,X,11870850.66,own,
CHL,2020,2710,M,3133991165.579,own,
CHL,2020,2710,X,383133498.489,own,
CHL,2020,2711,M,1437981915.522,own,
CHL,2020,2711,X,69991743.802,own,
CHL,2021,2709,M,4278941752.82,own,
CHL,2021,2709,X,0.0,own,
CHL,2021,2710,M,5651299888.094,own,
CHL,2021,2710,X,612014661.776,own,
CHL,2021,2711,M,2640821068.081,own,
CHL,2021,2711,X,123276026.514,own,
CHL,2022,2709,M,5165668631.18,own,
CHL,2022,2709,X,37836314.78,own,
CHL,2022,2710,M,12528110059.581,own,
CHL,2022,2710,X,1258359665.09,own,
CHL,2022,2711,M,3373158455.75,own,
CHL,2022,2711,X,363080782.428,own,
CHL,2023,2709,M,5271245179.97,own,
CHL,2023,2709,X,17213404.72,own,
CHL,2023,2710,M,8580742943.918,own,
CHL,2023,2710,X,1550544618.398,own,
CHL,2023,2711,M,2533873579.474,own,
CHL,2023,2711,X,134819196.17,own,
COL,2015,2709,M,18267.0,own,
COL,2015,2709,X,12834380107.0,own,
COL,2015,2710,M,5088560648.0,own,
COL,2015,2710,X,1281122464.0,own,
COL,2015,2711,M,1631569.0,own,
COL,2015,2711,X,99906015.0,own,
COL,2016,2709,M,14446.0,own,
COL,2016,2709,X,8060042084.0,own,
COL,2016,2710,M,3713674654.0,own,
COL,2016,2710,X,2005444090.0,own,
COL,2016,2711,M,32639055.0,own,
COL,2016,2711,X,6751660.0,own,
COL,2017,2709,M,19043.01,own,
COL,2017,2709,X,10951738279.92,own,
COL,2017,2710,M,3626010218.94,own,
COL,2017,2710,X,2055236509.36,own,
COL,2017,2711,M,46273589.28,own,
COL,2017,2711,X,7753923.03,own,
COL,2018,2709,M,79546239.91,own,
COL,2018,2709,X,13734811111.44,own,
COL,2018,2710,M,3243039604.18,own,
COL,2018,2710,X,2956677830.37,own,
COL,2018,2711,M,168263453.02,own,
COL,2018,2711,X,5152.13,own,
COL,2019,2709,M,148162456.8,own,
COL,2019,2709,X,12979915800.03,own,
COL,2019,2710,M,4185831276.7,own,
COL,2019,2710,X,2912291580.72,own,
COL,2019,2711,M,100640848.92,own,
COL,2019,2711,X,1157753.85,own,
COL,2020,2709,M,25024697.59,own,
COL,2020,2709,X,7130106325.35,own,
COL,2020,2710,M,1997447379.02,own,
COL,2020,2710,X,1549860995.95,own,
COL,2020,2711,M,82189592.9,own,
COL,2020,2711,X,0.0,own,
COL,2021,2709,M,149657908.13,own,
COL,2021,2709,X,11200541488.13,own,
COL,2021,2710,M,3515372064.23,own,
COL,2021,2710,X,2143559786.47,own,
COL,2021,2711,M,51603140.53,own,
COL,2021,2711,X,11589.0,own,
COL,2022,2709,M,327381753.6,own,
COL,2022,2709,X,15836623713.1,own,
COL,2022,2710,M,6820039403.52,own,
COL,2022,2710,X,2642279929.16,own,
COL,2022,2711,M,153698147.48,own,
COL,2022,2711,X,1569.62,own,
COL,2023,2709,M,768159692.96,own,
COL,2023,2709,X,12659153725.32,own,
COL,2023,2710,M,5155516573.89,own,
COL,2023,2710,X,2930050444.7,own,
COL,2023,2711,M,475137145.81,own,
COL,2023,2711,X,1225.41,own,
CRI,2015,2709,M,16820.0,own,
CRI,2015,2709,X,0.0,own,
CRI,2015,2710,M,1236567833.0,own,
CRI,2015,2710,X,3224505.0,own,
CRI,2015,2711,M,59852950.0,own,
CRI,2015,2711,X,26154.0,own,
CRI,2016,2709,M,22273.0,own,
CRI,2016,2709,X,0.0,own,
CRI,2016,2710,M,1092374561.0,own,
CRI,2016,2710,X,2804577.0,own,
CRI,2016,2711,M,57374559.0,own,
CRI,2016,2711,X,7671.0,own,
CRI,2017,2709,M,26934.176,own,
CRI,2017,2709,X,0.0,own,
CRI,2017,2710,M,1388449318.347,own,
CRI,2017,2710,X,3683562.628,own,
CRI,2017,2711,M,86202928.723,own,
CRI,2017,2711,X,14040.041,own,
CRI,2018,2709,M,28501.62,own,
CRI,2018,2709,X,0.0,own,
CRI,2018,2710,M,1557887312.71,own,
CRI,2018,2710,X,3028493.88,own,
CRI,2018,2711,M,90792789.35,own,
CRI,2018,2711,X,100.0,own,
CRI,2019,2709,M,12293.15,own,
CRI,2019,2709,X,0.0,own,
CRI,2019,2710,M,1561732125.52,own,
CRI,2019,2710,X,1672101.75,own,
CRI,2019,2711,M,67895419.71,own,
CRI,2019,2711,X,4105.0,own,
CRI,2020,2709,M,14150.24,own,
CRI,2020,2709,X,0.0,own,
CRI,2020,2710,M,841140875.54,own,
CRI,2020,2710,X,1611151.13,own,
CRI,2020,2711,M,57968061.27,own,
CRI,2020,2711,X,10152.56,own,
CRI,2021,2709,M,17506.78,own,
CRI,2021,2709,X,0.0,own,
CRI,2021,2710,M,1529775375.36,own,
CRI,2021,2710,X,2647547.42,own,
CRI,2021,2711,M,118198282.18,own,
CRI,2021,2711,X,28715.04,own,
CRI,2022,2709,M,17767.21,own,
CRI,2022,2709,X,0.0,own,
CRI,2022,2710,M,2481387908.81,own,
CRI,2022,2710,X,2998507.01,own,
CRI,2022,2711,M,137610650.44,own,
CRI,2022,2711,X,17326.8,own,
CRI,2023,2709,M,18838.91,own,
CRI,2023,2709,X,195.0,own,
CRI,2023,2710,M,2430733398.29,own,
CRI,2023,2710,X,9408149.252,own,
CRI,2023,2711,M,104136555.45,own,
CRI,2023,2711,X,20106.51,own,
DMA,2015,2709,M,0.0,mirror,0
DMA,2015,2709,X,0.0,mirror,0
DMA,2015,2710,M,10501416.943,mirror,16
DMA,2015,2710,X,43790657.334,mirror,4
DMA,2015,2711,M,1081930.5320000001,mirror,2
DMA,2015,2711,X,0.0,mirror,0
DMA,2016,2709,M,19.259,own,
DMA,2016,2709,X,0.0,own,
DMA,2016,2710,M,24502264.016,own,
DMA,2016,2710,X,13.333,own,
DMA,2016,2711,M,2531385.987,own,
DMA,2016,2711,X,0.0,own,
DMA,2017,2709,M,0.0,own,
DMA,2017,2709,X,0.0,own,
DMA,2017,2710,M,26238926.265,own,
DMA,2017,2710,X,26193.104,own,
DMA,2017,2711,M,2347203.999,own,
DMA,2017,2711,X,0.0,own,
DMA,2018,2709,M,0.0,own,
DMA,2018,2709,X,0.0,own,
DMA,2018,2710,M,31248412.444,own,
DMA,2018,2710,X,12.593,own,
DMA,2018,2711,M,2027888.877,own,
DMA,2018,2711,X,0.0,own,
DMA,2019,2709,M,777.771,own,
DMA,2019,2709,X,0.0,own,
DMA,2019,2710,M,24566736.467,own,
DMA,2019,2710,X,0.0,own,
DMA,2019,2711,M,1888108.575,own,
DMA,2019,2711,X,0.0,own,
DMA,2020,2709,M,0.0,own,
DMA,2020,2709,X,0.0,own,
DMA,2020,2710,M,10948745.718,own,
DMA,2020,2710,X,0.0,own,
DMA,2020,2711,M,2689303.237,own,
DMA,2020,2711,X,2666.664,own,
DMA,2021,2709,M,155.555,own,
DMA,2021,2709,X,5.556,own,
DMA,2021,2710,M,8448123.033,own,
DMA,2021,2710,X,37.037,own,
DMA,2021,2711,M,1697412.377,own,
DMA,2021,2711,X,0.0,own,
DMA,2022,2709,M,0.0,own,
DMA,2022,2709,X,74.074,own,
DMA,2022,2710,M,41434097.825,own,
DMA,2022,2710,X,28833.305,own,
DMA,2022,2711,M,2410490.182,own,
DMA,2022,2711,X,0.0,own,
DMA,2023,2709,M,278.889,own,
DMA,2023,2709,X,0.0,own,
DMA,2023,2710,M,52260108.851,own,
DMA,2023,2710,X,1658.887,own,
DMA,2023,2711,M,2934055.955,own,
DMA,2023,2711,X,0.0,own,
DOM,2015,2709,M,311881799.746,own,
DOM,2015,2709,X,1200.0,own,
DOM,2015,2710,M,1997901519.451,own,
DOM,2015,2710,X,408564009.99,own,
DOM,2015,2711,M,580221865.459,own,
DOM,2015,2711,X,4099952.488,own,
DOM,2016,2709,M,354984572.359,own,
DOM,2016,2709,X,0.0,own,
DOM,2016,2710,M,1565397125.432,own,
DOM,2016,2710,X,370750031.799,own,
DOM,2016,2711,M,654700421.698,own,
DOM,2016,2711,X,3168984.567,own,
DOM,2017,2709,M,414441760.987,own,
DOM,2017,2709,X,63.847,own,
DOM,2017,2710,M,1870038874.646,own,
DOM,2017,2710,X,477944749.448,own,
DOM,2017,2711,M,789990914.584,own,
DOM,2017,2711,X,940829.69,own,
DOM,2018,2709,M,677766417.0,own,
DOM,2018,2709,X,0.0,own,
DOM,2018,2710,M,2524633195.757,own,
DOM,2018,2710,X,533427285.5,own,
DOM,2018,2711,M,839160237.01,own,
DOM,2018,2711,X,10986756.39,own,
DOM,2019,2709,M,599444154.438,own,
DOM,2019,2709,X,123589.434,own,
DOM,2019,2710,M,2388272963.286,own,
DOM,2019,2710,X,480528638.581,own,
DOM,2019,2711,M,676078390.357,own,
DOM,2019,2711,X,9342026.433,own,
DOM,2020,2709,M,181927374.94,own,
DOM,2020,2709,X,0.0,own,
DOM,2020,2710,M,1332346250.64,own,
DOM,2020,2710,X,20887497.73,own,
DOM,2020,2711,M,581304829.1,own,
DOM,2020,2711,X,9020746.56,own,
DOM,2021,2709,M,666082709.868,own,
DOM,2021,2709,X,40.0,own,
DOM,2021,2710,M,2120205922.432,own,
DOM,2021,2710,X,64719942.923,own,
DOM,2021,2711,M,1072039932.855,own,
DOM,2021,2711,X,22246615.088,own,
DOM,2022,2709,M,885783752.0,own,
DOM,2022,2709,X,31.79,own,
DOM,2022,2710,M,1138991211.291,own,
DOM,2022,2710,X,26630107.918,own,
DOM,2022,2711,M,1490188794.18,own,
DOM,2022,2711,X,78844705.899,own,
DOM,2023,2709,M,765241119.599,own,
DOM,2023,2709,X,2811.0,own,
DOM,2023,2710,M,3260895350.213,own,
DOM,2023,2710,X,34862553.874,own,
DOM,2023,2711,M,1160095893.172,own,
DOM,2023,2711,X,844327.94,own,
ECU,2015,2709,M,9692.0,own,
ECU,2015,2709,X,6355235196.0,own,
ECU,2015,2710,M,2095835138.0,own,
ECU,2015,2710,X,294226565.0,own,
ECU,2015,2711,M,394025643.0,own,
ECU,2015,2711,X,7392.0,own,
ECU,2016,2709,M,189986.0,own,
ECU,2016,2709,X,5053937423.0,own,
ECU,2016,2710,M,1336400758.0,own,
ECU,2016,2710,X,380805168.0,own,
ECU,2016,2711,M,300042387.0,own,
ECU,2016,2711,X,16377.0,own,
ECU,2017,2709,M,5462608.7,own,
ECU,2017,2709,X,6189823872.12,own,
ECU,2017,2710,M,1669374551.63,own,
ECU,2017,2710,X,728449885.84,own,
ECU,2017,2711,M,470931702.85,own,
ECU,2017,2711,X,0.0,own,
ECU,2018,2709,M,34375840.0,own,
ECU,2018,2709,X,7877586326.55,own,
ECU,2018,2710,M,2359449574.831,own,
ECU,2018,2710,X,946560570.35,own,
ECU,2018,2711,M,531144108.984,own,
ECU,2018,2711,X,151.43,own,
ECU,2019,2709,M,1017843.67,own,
ECU,2019,2709,X,7731162685.5,own,
ECU,2019,2710,M,2317430508.674,own,
ECU,2019,2710,X,946086064.328,own,
ECU,2019,2711,M,385563838.641,own,
ECU,2019,2711,X,52.5,own,
ECU,2020,2709,M,2045122.24,own,
ECU,2020,2709,X,4684794164.59,own,
ECU,2020,2710,M,1461110860.4,own,
ECU,2020,2710,X,563540021.614,own,
ECU,2020,2711,M,355569194.683,own,
ECU,2020,2711,X,7486.04,own,
ECU,2021,2709,M,7862.395,own,
ECU,2021,2709,X,7278163134.71,own,
ECU,2021,2710,M,2467302438.625,own,
ECU,2021,2710,X,1319767403.535,own,
ECU,2021,2711,M,707240874.968,own,
ECU,2021,2711,X,75931.45,own,
ECU,2022,2709,M,6147.8,own,
ECU,2022,2709,X,10834637184.3,own,
ECU,2022,2710,M,4597462368.6,own,
ECU,2022,2710,X,1709765197.4,own,
ECU,2022,2711,M,812576524.8,own,
ECU,2022,2711,X,788.7,own,
ECU,2023,2709,M,2841.0,own,
ECU,2023,2709,X,7823367067.4,own,
ECU,2023,2710,M,4194713177.2,own,
ECU,2023,2710,X,1123987864.7,own,
ECU,2023,2711,M,607625886.6,own,
ECU,2023,2711,X,84.0,own,
GRD,2015,2709,M,0.0,own,
GRD,2015,2709,X,0.0,own,
GRD,2015,2710,M,60330145.966,own,
GRD,2015,2710,X,35437.742,own,
GRD,2015,2711,M,5634506.588,own,
GRD,2015,2711,X,35498.853,own,
GRD,2016,2709,M,0.0,own,
GRD,2016,2709,X,0.0,own,
GRD,2016,2710,M,92127944.168,own,
GRD,2016,2710,X,6654.438,own,
GRD,2016,2711,M,4221796.889,own,
GRD,2016,2711,X,0.0,own,
GRD,2017,2709,M,0.0,own,
GRD,2017,2709,X,0.0,own,
GRD,2017,2710,M,59324424.379,own,
GRD,2017,2710,X,263771.588,own,
GRD,2017,2711,M,4466552.2,own,
GRD,2017,2711,X,0.0,own,
GRD,2018,2709,M,1348.147,own,
GRD,2018,2709,X,0.0,own,
GRD,2018,2710,M,77842352.158,own,
GRD,2018,2710,X,11065.174,own,
GRD,2018,2711,M,7303498.622,own,
GRD,2018,2711,X,0.0,own,
GRD,2019,2709,M,508.519,own,
GRD,2019,2709,X,0.0,own,
GRD,2019,2710,M,72181700.219,own,
GRD,2019,2710,X,7915.927,own,
GRD,2019,2711,M,4914596.689,own,
GRD,2019,2711,X,514.815,own,
GRD,2020,2709,M,0.0,own,
GRD,2020,2709,X,0.0,own,
GRD,2020,2710,M,49024844.663,own,
GRD,2020,2710,X,14956.668,own,
GRD,2020,2711,M,3467221.759,own,
GRD,2020,2711,X,502.963,own,
GRD,2021,2709,M,0.0,own,
GRD,2021,2709,X,0.0,own,
GRD,2021,2710,M,61082946.976,own,
GRD,2021,2710,X,26370.0,own,
GRD,2021,2711,M,2979247.034,own,
GRD,2021,2711,X,502.963,own,
GRD,2022,2709,M,1120.37,own,
GRD,2022,2709,X,0.0,own,
GRD,2022,2710,M,109571892.483,own,
GRD,2022,2710,X,5463.333,own,
GRD,2022,2711,M,7552972.955,own,
GRD,2022,2711,X,0.0,own,
GRD,2023,2709,M,870.37,own,
GRD,2023,2709,X,0.0,own,
GRD,2023,2710,M,97455035.945,own,
GRD,2023,2710,X,2295.185,own,
GRD,2023,2711,M,8917142.565,own,
GRD,2023,2711,X,0.0,own,
GTM,2015,2709,M,396982.0,own,
GTM,2015,2709,X,126899592.0,own,
GTM,2015,2710,M,2016039186.0,own,
GTM,2015,2710,X,174152468.0,own,
GTM,2015,2711,M,237026788.0,own,
GTM,2015,2711,X,61132442.0,own,
GTM,2016,2709,M,153654.0,own,
GTM,2016,2709,X,84493241.0,own,
GTM,2016,2710,M,1825402905.0,own,
GTM,2016,2710,X,125398463.0,own,
GTM,2016,2711,M,250603951.0,own,
GTM,2016,2711,X,70937775.0,own,
GTM,2017,2709,M,184207.0,own,
GTM,2017,2709,X,118283513.0,own,
GTM,2017,2710,M,2148115755.0,own,
GTM,2017,2710,X,65935752.0,own,
GTM,2017,2711,M,333275687.0,own,
GTM,2017,2711,X,88275927.0,own,
GTM,2018,2709,M,345413.0,own,
GTM,2018,2709,X,125151641.0,own,
GTM,2018,2710,M,2474276861.0,own,
GTM,2018,2710,X,41661703.0,own,
GTM,2018,2711,M,363782541.0,own,
GTM,2018,2711,X,94173421.0,own,
GTM,2019,2709,M,236079.0,own,
GTM,2019,2709,X,114346859.0,own,
GTM,2019,2710,M,2503847612.0,own,
GTM,2019,2710,X,50674310.0,own,
GTM,2019,2711,M,299391639.0,own,
GTM,2019,2711,X,62968166.0,own,
GTM,2020,2709,M,348587.0,own,
GTM,2020,2709,X,62788644.0,own,
GTM,2020,2710,M,1630820899.0,own,
GTM,2020,2710,X,23242582.0,own,
GTM,2020,2711,M,232439970.0,own,
GTM,2020,2711,X,49122165.0,own,
GTM,2021,2709,M,708446.0,own,
GTM,2021,2709,X,75408060.0,own,
GTM,2021,2710,M,3083805563.0,own,
GTM,2021,2710,X,77338811.0,own,
GTM,2021,2711,M,457070190.0,own,
GTM,2021,2711,X,80499787.0,own,
GTM,2022,2709,M,1863470.0,own,
GTM,2022,2709,X,95671031.0,own,
GTM,2022,2710,M,4464854097.0,own,
GTM,2022,2710,X,89630470.0,own,
GTM,2022,2711,M,522771909.0,own,
GTM,2022,2711,X,96450386.0,own,
GTM,2023,2709,M,1314689.0,own,
GTM,2023,2709,X,43584000.0,own,
GTM,2023,2710,M,4108566909.0,own,
GTM,2023,2710,X,78149817.0,own,
GTM,2023,2711,M,397767321.0,own,
GTM,2023,2711,X,59237754.0,own,
GUY,2015,2709,M,0.0,own,
GUY,2015,2709,X,0.0,own,
GUY,2015,2710,M,356244407.779,own,
GUY,2015,2710,X,29023.129,own,
GUY,2015,2711,M,13202492.88,own,
GUY,2015,2711,X,0.0,own,
GUY,2016,2709,M,12389.0,own,
GUY,2016,2709,X,0.0,own,
GUY,2016,2710,M,314929380.0,own,
GUY,2016,2710,X,1431367.0,own,
GUY,2016,2711,M,12542880.0,own,
GUY,2016,2711,X,5205.0,own,
GUY,2017,2709,M,577.421,own,
GUY,2017,2709,X,0.0,own,
GUY,2017,2710,M,361569622.398,own,
GUY,2017,2710,X,381223.801,own,
GUY,2017,2711,M,13059825.312,own,
GUY,2017,2711,X,1726.522,own,
GUY,2018,2709,M,2860.989,own,
GUY,2018,2709,X,0.0,own,
GUY,2018,2710,M,512771178.83,own,
GUY,2018,2710,X,761983.102,own,
GUY,2018,2711,M,16856083.682,own,
GUY,2018,2711,X,0.0,own,
GUY,2019,2709,M,16644.176,own,
GUY,2019,2709,X,0.0,own,
GUY,2019,2710,M,594561690.306,own,
GUY,2019,2710,X,1055300.667,own,
GUY,2019,2711,M,15032923.686,own,
GUY,2019,2711,X,1141.689,own,
GUY,2020,2709,M,17672.977,own,
GUY,2020,2709,X,2128162637.975,own,
GUY,2020,2710,M,477683227.8,own,
GUY,2020,2710,X,2839221.003,own,
GUY,2020,2711,M,15128743.06,own,
GUY,2020,2711,X,5234.404,own,
GUY,2021,2709,M,468.542,own,
GUY,2021,2709,X,5950932070.484,own,
GUY,2021,2710,M,805638860.118,own,
GUY,2021,2710,X,3247686.583,own,
GUY,2021,2711,M,23136178.754,own,
GUY,2021,2711,X,72.0,own,
GUY,2022,2709,M,1257.812,own,
GUY,2022,2709,X,19707661922.18,own,
GUY,2022,2710,M,1252317519.892,own,
GUY,2022,2710,X,5287095.168,own,
GUY,2022,2711,M,28784697.559,own,
GUY,2022,2711,X,0.0,own,
GUY,2023,2709,M,8334.282,own,
GUY,2023,2709,X,7170113162.252,own,
GUY,2023,2710,M,984720211.352,own,
GUY,2023,2710,X,1166177.474,own,
GUY,2023,2711,M,22867474.717,own,
GUY,2023,2711,X,228.0,own,
HND,2015,2709,M,38080.0,own,
HND,2015,2709,X,0.0,own,
HND,2015,2710,M,1283446828.0,own,
HND,2015,2710,X,498887.0,own,
HND,2015,2711,M,16191642.0,own,
HND,2015,2711,X,0.0,own,
HND,2016,2709,M,2037.0,own,
HND,2016,2709,X,0.0,own,
HND,2016,2710,M,1059645454.0,own,
HND,2016,2710,X,522308.0,own,
HND,2016,2711,M,29495949.0,own,
HND,2016,2711,X,0.0,own,
HND,2017,2709,M,0.0,own,
HND,2017,2709,X,0.0,own,
HND,2017,2710,M,1208101730.98,own,
HND,2017,2710,X,677235.4,own,
HND,2017,2711,M,37710643.78,own,
HND,2017,2711,X,39537637.82,own,
HND,2018,2709,M,641.02,own,
HND,2018,2709,X,0.0,own,
HND,2018,2710,M,1432044831.13,own,
HND,2018,2710,X,1446421.3,own,
HND,2018,2711,M,49654998.61,own,
HND,2018,2711,X,11905574.52,own,
HND,2019,2709,M,0.0,own,
HND,2019,2709,X,0.0,own,
HND,2019,2710,M,1557008910.86,own,
HND,2019,2710,X,382775.31,own,
HND,2019,2711,M,31958410.32,own,
HND,2019,2711,X,0.0,own,
HND,2020,2709,M,0.0,own,
HND,2020,2709,X,0.0,own,
HND,2020,2710,M,1057913789.99,own,
HND,2020,2710,X,387591.67,own,
HND,2020,2711,M,28258745.53,own,
HND,2020,2711,X,0.0,own,
HND,2021,2709,M,0.0,own,
HND,2021,2709,X,0.0,own,
HND,2021,2710,M,1573636627.72,own,
HND,2021,2710,X,636086.05,own,
HND,2021,2711,M,59505273.6,own,
HND,2021,2711,X,22780.0,own,
HND,2022,2709,M,531.0,mirror,1
HND,2022,2709,X,482.24,mirror,2
HND,2022,2710,M,2195993766.483,mirror,37
HND,2022,2710,X,310179.782,mirror,12
HND,2022,2711,M,344823161.663,mirror,5
HND,2022,2711,X,39024.0,mirror,2
HND,2023,2709,M,0.0,own,
HND,2023,2709,X,0.0,own,
HND,2023,2710,M,2508677441.92,own,
HND,2023,2710,X,4041211.06,own,
HND,2023,2711,M,49533120.22,own,
HND,2023,2711,X,0.0,own,
HTI,2015,2709,M,611.23,own,
HTI,2015,2709,X,0.0,own,
HTI,2015,2710,M,537198462.681,own,
HTI,2015,2710,X,120.344,own,
HTI,2015,2711,M,13519787.474,own,
HTI,2015,2711,X,0.0,own,
HTI,2016,2709,M,1813.163,own,
HTI,2016,2709,X,0.0,own,
HTI,2016,2710,M,503786076.751,own,
HTI,2016,2710,X,120.071,own,
HTI,2016,2711,M,18992192.209,own,
HTI,2016,2711,X,0.0,own,
HTI,2017,2709,M,4972.007,own,
HTI,2017,2709,X,0.0,own,
HTI,2017,2710,M,219679184.121,own,
HTI,2017,2710,X,3757205.331,own,
HTI,2017,2711,M,12704437.563,own,
HTI,2017,2711,X,4.844,own,
HTI,2018,2709,M,0.0,mirror,0
HTI,2018,2709,X,0.0,mirror,0
HTI,2018,2710,M,311399987.313,mirror,24
HTI,2018,2710,X,81792.30500000001,mirror,4
HTI,2018,2711,M,396694.13,mirror,1
HTI,2018,2711,X,0.0,mirror,0
HTI,2019,2709,M,54234.9,mirror,1
HTI,2019,2709,X,0.0,mirror,0
HTI,2019,2710,M,292305550.11,mirror,22
HTI,2019,2710,X,4932.2029999999995,mirror,3
HTI,2019,2711,M,1554701.368,mirror,3
HTI,2019,2711,X,0.0,mirror,0
HTI,2020,2709,M,0.0,mirror,0
HTI,2020,2709,X,0.0,mirror,0
HTI,2020,2710,M,229136278.241,mirror,23
HTI,2020,2710,X,1932.2060000000001,mirror,2
HTI,2020,2711,M,4163350.65,mirror,2
HTI,2020,2711,X,0.0,mirror,0
HTI,2021,2709,M,0.0,mirror,0
HTI,2021,2709,X,0.0,mirror,0
HTI,2021,2710,M,290831060.488,mirror,20
HTI,2021,2710,X,2594.519,mirror,2
HTI,2021,2711,M,6412311.08,mirror,4
HTI,2021,2711,X,0.0,mirror,0
HTI,2022,2709,M,0.0,mirror,0
HTI,2022,2709,X,1.069,mirror,1
HTI,2022,2710,M,524698976.843,mirror,19
HTI,2022,2710,X,9272.146,mirror,6
HTI,2022,2711,M,2002485.448,mirror,4
HTI,2022,2711,X,0.0,mirror,0
HTI,2023,2709,M,0.0,mirror,0
HTI,2023,2709,X,0.0,mirror,0
HTI,2023,2710,M,543652389.035,mirror,17
HTI,2023,2710,X,14278.697,mirror,8
HTI,2023,2711,M,1886822.306,mirror,2
HTI,2023,2711,X,0.0,mirror,0
JAM,2015,2709,M,414322275.0,own,
JAM,2015,2709,X,0.0,own,
JAM,2015,2710,M,685186612.0,own,
JAM,2015,2710,X,193480661.0,own,
JAM,2015,2711,M,40587027.0,own,
JAM,2015,2711,X,0.0,own,
JAM,2016,2709,M,324239644.0,own,
JAM,2016,2709,X,0.0,own,
JAM,2016,2710,M,567362847.0,own,
JAM,2016,2710,X,172879185.0,own,
JAM,2016,2711,M,46211975.0,own,
JAM,2016,2711,X,0.0,own,
JAM,2017,2709,M,405459747.0,own,
JAM,2017,2709,X,400.77,own,
JAM,2017,2710,M,836317039.21,own,
JAM,2017,2710,X,231509023.78,own,
JAM,2017,2711,M,174125880.1,own,
JAM,2017,2711,X,0.0,own,
JAM,2018,2709,M,516498992.64,own,
JAM,2018,2709,X,1134.45,own,
JAM,2018,2710,M,981820298.64,own,
JAM,2018,2710,X,277878876.44,own,
JAM,2018,2711,M,104623524.33,own,
JAM,2018,2711,X,0.0,own,
JAM,2019,2709,M,635853477.93,own,
JAM,2019,2709,X,0.0,own,
JAM,2019,2710,M,948462355.733,own,
JAM,2019,2710,X,373979827.295,own,
JAM,2019,2711,M,123502563.244,own,
JAM,2019,2711,X,0.0,own,
JAM,2020,2709,M,380099717.68,own,
JAM,2020,2709,X,0.0,own,
JAM,2020,2710,M,403986011.88,own,
JAM,2020,2710,X,268975110.29,own,
JAM,2020,2711,M,146444086.07,own,
JAM,2020,2711,X,0.0,own,
JAM,2021,2709,M,580889965.67,own,
JAM,2021,2709,X,0.0,own,
JAM,2021,2710,M,667727670.6,own,
JAM,2021,2710,X,435515038.47,own,
JAM,2021,2711,M,284194106.89,own,
JAM,2021,2711,X,71063458.4,own,
JAM,2022,2709,M,728222388.21,own,
JAM,2022,2709,X,0.0,own,
JAM,2022,2710,M,1152539046.17,own,
JAM,2022,2710,X,715446691.43,own,
JAM,2022,2711,M,476386509.97,own,
JAM,2022,2711,X,312841000.89,own,
JAM,2023,2709,M,486447492.15,own,
JAM,2023,2709,X,0.0,own,
JAM,2023,2710,M,1076874209.45,own,
JAM,2023,2710,X,625645316.64,own,
JAM,2023,2711,M,458552557.16,own,
JAM,2023,2711,X,239681249.73,own,
KNA,2015,2709,M,175.207,own,
KNA,2015,2709,X,0.0,own,
KNA,2015,2710,M,9148717.511,own,
KNA,2015,2710,X,14092.578,own,
KNA,2015,2711,M,355730.785,own,
KNA,2015,2711,X,0.0,own,
KNA,2016,2709,M,2653.694,own,
KNA,2016,2709,X,0.0,own,
KNA,2016,2710,M,1817987.867,own,
KNA,2016,2710,X,7065.248,own,
KNA,2016,2711,M,55887.329,own,
KNA,2016,2711,X,0.0,own,
KNA,2017,2709,M,7823.829,own,
KNA,2017,2709,X,0.0,own,
KNA,2017,2710,M,1756941.976,own,
KNA,2017,2710,X,29382.8,own,
KNA,2017,2711,M,165215.061,own,
KNA,2017,2711,X,17999.982,own,
KNA,2018,2709,M,0.0,mirror,0
KNA,2018,2709,X,0.0,mirror,0
KNA,2018,2710,M,40318217.771,mirror,13
KNA,2018,2710,X,7089.348,mirror,3
KNA,2018,2711,M,2546798.545,mirror,3
KNA,2018,2711,X,0.0,mirror,0
KNA,2019,2709,M,0.0,mirror,0
KNA,2019,2709,X,0.0,mirror,0
KNA,2019,2710,M,58453776.879,mirror,18
KNA,2019,2710,X,18768.396,mirror,3
KNA,2019,2711,M,1229984.861,mirror,2
KNA,2019,2711,X,0.0,mirror,0
KNA,2020,2709,M,1022.835,mirror,1
KNA,2020,2709,X,0.0,mirror,0
KNA,2020,2710,M,19884566.182,mirror,15
KNA,2020,2710,X,64749.22,mirror,2
KNA,2020,2711,M,848875.996,mirror,3
KNA,2020,2711,X,3206.17,mirror,2
KNA,2021,2709,M,0.0,mirror,0
KNA,2021,2709,X,0.0,mirror,0
KNA,2021,2710,M,53728463.805,mirror,16
KNA,2021,2710,X,16067.935,mirror,5
KNA,2021,2711,M,862073.3010000001,mirror,4
KNA,2021,2711,X,355.041,mirror,1
KNA,2022,2709,M,0.0,mirror,0
KNA,2022,2709,X,0.0,mirror,0
KNA,2022,2710,M,44335137.399,mirror,14
KNA,2022,2710,X,36125.765,mirror,6
KNA,2022,2711,M,1241241.812,mirror,2
KNA,2022,2711,X,1599.237,mirror,1
KNA,2023,2709,M,0.0,mirror,0
KNA,2023,2709,X,869.34,mirror,1
KNA,2023,2710,M,50235633.224,mirror,18
KNA,2023,2710,X,40146.1,mirror,4
KNA,2023,2711,M,384399.725,mirror,1
KNA,2023,2711,X,0.0,mirror,0
LCA,2015,2709,M,0.0,own,
LCA,2015,2709,X,410.0,own,
LCA,2015,2710,M,85058260.0,own,
LCA,2015,2710,X,38491048.0,own,
LCA,2015,2711,M,9052257.0,own,
LCA,2015,2711,X,661.0,own,
LCA,2016,2709,M,0.0,own,
LCA,2016,2709,X,124.0,own,
LCA,2016,2710,M,121811818.0,own,
LCA,2016,2710,X,2677043.0,own,
LCA,2016,2711,M,6272120.0,own,
LCA,2016,2711,X,2170.0,own,
LCA,2017,2709,M,17300.76,own,
LCA,2017,2709,X,0.0,own,
LCA,2017,2710,M,94338120.562,own,
LCA,2017,2710,X,7955501.741,own,
LCA,2017,2711,M,8662230.93,own,
LCA,2017,2711,X,1053.451,own,
LCA,2018,2709,M,569.03,own,
LCA,2018,2709,X,0.0,own,
LCA,2018,2710,M,128759482.5,own,
LCA,2018,2710,X,4032886.36,own,
LCA,2018,2711,M,11473507.64,own,
LCA,2018,2711,X,2037.28,own,
LCA,2019,2709,M,0.0,own,
LCA,2019,2709,X,0.0,own,
LCA,2019,2710,M,93747212.33,own,
LCA,2019,2710,X,3411527.46,own,
LCA,2019,2711,M,10162735.57,own,
LCA,2019,2711,X,407.69,own,
LCA,2020,2709,M,2490.73,own,
LCA,2020,2709,X,0.0,own,
LCA,2020,2710,M,53423624.62,own,
LCA,2020,2710,X,2291348.04,own,
LCA,2020,2711,M,7178788.58,own,
LCA,2020,2711,X,1830.44,own,
LCA,2021,2709,M,709553895.84,mirror,3
LCA,2021,2709,X,513.309,mirror,1
LCA,2021,2710,M,359657462.827,mirror,13
LCA,2021,2710,X,9406364.309,mirror,6
LCA,2021,2711,M,2051829.718,mirror,3
LCA,2021,2711,X,0.0,mirror,0
LCA,2022,2709,M,0.0,mirror,0
LCA,2022,2709,X,0.0,mirror,0
LCA,2022,2710,M,699364878.629,mirror,13
LCA,2022,2710,X,3098035.032,mirror,6
LCA,2022,2711,M,5607435.084,mirror,1
LCA,2022,2711,X,0.0,mirror,0
LCA,2023,2709,M,143123540.616,mirror,2
LCA,2023,2709,X,0.0,mirror,0
LCA,2023,2710,M,402772843.571,mirror,15
LCA,2023,2710,X,11932850.84,mirror,6
LCA,2023,2711,M,677844.32,mirror,1
LCA,2023,2711,X,0.0,mirror,0
MEX,2015,2709,M,10739.0,own,
MEX,2015,2709,X,18451133808.0,own,
MEX,2015,2710,M,19712136984.0,own,
MEX,2015,2710,X,3824024418.0,own,
MEX,2015,2711,M,4193539866.0,own,
MEX,2015,2711,X,2049621.0,own,
MEX,2016,2709,M,11257.0,own,
MEX,2016,2709,X,15582026364.0,own,
MEX,2016,2710,M,17838332120.0,own,
MEX,2016,2710,X,2322053483.0,own,
MEX,2016,2711,M,5072208629.0,own,
MEX,2016,2711,X,1690630.0,own,
MEX,2017,2709,M,109619.0,own,
MEX,2017,2709,X,20047210169.0,own,
MEX,2017,2710,M,24251572369.0,own,
MEX,2017,2710,X,2382647413.0,own,
MEX,2017,2711,M,7995044335.0,own,
MEX,2017,2711,X,2481144.0,own,
MEX,2018,2709,M,74873588.0,own,
MEX,2018,2709,X,26540283874.0,own,
MEX,2018,2710,M,33139522290.0,own,
MEX,2018,2710,X,2893794764.0,own,
MEX,2018,2711,M,9660397496.0,own,
MEX,2018,2711,X,28125479.0,own,
MEX,2019,2709,M,20591584.0,own,
MEX,2019,2709,X,22361179935.0,own,
MEX,2019,2710,M,29667047189.0,own,
MEX,2019,2710,X,1896967315.0,own,
MEX,2019,2711,M,8133793699.0,own,
MEX,2019,2711,X,15368002.0,own,
MEX,2020,2709,M,0.0,own,
MEX,2020,2709,X,14683690556.0,own,
MEX,2020,2710,M,17024801986.0,own,
MEX,2020,2710,X,1154604178.0,own,
MEX,2020,2711,M,6672447740.0,own,
MEX,2020,2711,X,10347444.0,own,
MEX,2021,2709,M,0.0,own,
MEX,2021,2709,X,24130558561.0,own,
MEX,2021,2710,M,24779083478.0,own,
MEX,2021,2710,X,3182186143.0,own,
MEX,2021,2711,M,15769244408.0,own,
MEX,2021,2711,X,16583593.0,own,
MEX,2022,2709,M,0.0,own,
MEX,2022,2709,X,31587350914.0,own,
MEX,2022,2710,M,43114924314.0,own,
MEX,2022,2710,X,5715531997.0,own,
MEX,2022,2711,M,17334834283.0,own,
MEX,2022,2711,X,561648.0,own,
MEX,2023,2709,M,0.0,own,
MEX,2023,2709,X,27576064996.0,own,
MEX,2023,2710,M,37770231068.0,own,
MEX,2023,2710,X,4542984285.0,own,
MEX,2023,2711,M,9300190323.0,own,
MEX,2023,2711,X,4107958.0,own,
NIC,2015,2709,M,300750608.0,own,
NIC,2015,2709,X,0.0,own,
NIC,2015,2710,M,387974895.0,own,
NIC,2015,2710,X,10422922.0,own,
NIC,2015,2711,M,43789772.0,own,
NIC,2015,2711,X,204561.0,own,
NIC,2016,2709,M,195146284.41,own,
NIC,2016,2709,X,0.0,own,
NIC,2016,2710,M,364006990.27,own,
NIC,2016,2710,X,5517522.54,own,
NIC,2016,2711,M,51667365.86,own,
NIC,2016,2711,X,461636.49,own,
NIC,2017,2709,M,255277998.74,own,
NIC,2017,2709,X,206.69,own,
NIC,2017,2710,M,338792727.96,own,
NIC,2017,2710,X,9038436.9,own,
NIC,2017,2711,M,67818414.99,own,
NIC,2017,2711,X,224406.79,own,
NIC,2018,2709,M,397615667.96,own,
NIC,2018,2709,X,0.0,own,
NIC,2018,2710,M,562267771.18,own,
NIC,2018,2710,X,9294192.18,own,
NIC,2018,2711,M,78402894.01,own,
NIC,2018,2711,X,337232.78,own,
NIC,2019,2709,M,267439333.3,own,
NIC,2019,2709,X,0.0,own,
NIC,2019,2710,M,614545459.07,own,
NIC,2019,2710,X,15118754.78,own,
NIC,2019,2711,M,51488081.56,own,
NIC,2019,2711,X,327939.4,own,
NIC,2020,2709,M,188127950.46,own,
NIC,2020,2709,X,51.0,own,
NIC,2020,2710,M,374406263.54,own,
NIC,2020,2710,X,21115484.82,own,
NIC,2020,2711,M,56273196.67,own,
NIC,2020,2711,X,102989.2,own,
NIC,2021,2709,M,384421904.47,own,
NIC,2021,2709,X,0.0,own,
NIC,2021,2710,M,1260568445.28,own,
NIC,2021,2710,X,38415250.19,own,
NIC,2021,2711,M,87630864.24,own,
NIC,2021,2711,X,245952.84,own,
NIC,2022,2709,M,644807483.36,own,
NIC,2022,2709,X,0.0,own,
NIC,2022,2710,M,1060223210.51,own,
NIC,2022,2710,X,59184444.94,own,
NIC,2022,2711,M,104526396.22,own,
NIC,2022,2711,X,706268.39,own,
NIC,2023,2709,M,604926458.49,own,
NIC,2023,2709,X,0.0,own,
NIC,2023,2710,M,834943119.52,own,
NIC,2023,2710,X,46060455.66,own,
NIC,2023,2711,M,78527870.95,own,
NIC,2023,2711,X,110239.69,own,
PAN,2015,2709,M,0.0,own,
PAN,2015,2709,X,0.0,own,
PAN,2015,2710,M,1540877917.0,own,
PAN,2015,2710,X,870468.0,own,
PAN,2015,2711,M,47466432.0,own,
PAN,2015,2711,X,383970.0,own,
PAN,2016,2709,M,0.0,own,
PAN,2016,2709,X,0.0,own,
PAN,2016,2710,M,1475507913.0,own,
PAN,2016,2710,X,1215691.0,own,
PAN,2016,2711,M,46795442.0,own,
PAN,2016,2711,X,427903.0,own,
PAN,2017,2709,M,0.0,own,
PAN,2017,2709,X,0.0,own,
PAN,2017,2710,M,1891932856.0,own,
PAN,2017,2710,X,1599227.0,own,
PAN,2017,2711,M,48721952.0,own,
PAN,2017,2711,X,214118.0,own,
PAN,2018,2709,M,0.0,own,
PAN,2018,2709,X,0.0,own,
PAN,2018,2710,M,2257495123.0,own,
PAN,2018,2710,X,2582129.0,own,
PAN,2018,2711,M,76868658.0,own,
PAN,2018,2711,X,183464.0,own,
PAN,2019,2709,M,0.0,own,
PAN,2019,2709,X,0.0,own,
PAN,2019,2710,M,2046656617.0,own,
PAN,2019,2710,X,2589583.0,own,
PAN,2019,2711,M,175527292.0,own,
PAN,2019,2711,X,202609.0,own,
PAN,2020,2709,M,0.0,own,
PAN,2020,2709,X,0.0,own,
PAN,2020,2710,M,779775780.0,own,
PAN,2020,2710,X,4334607.0,own,
PAN,2020,2711,M,78969372.0,own,
PAN,2020,2711,X,174062.0,own,
PAN,2021,2709,M,0.0,own,
PAN,2021,2709,X,0.0,own,
PAN,2021,2710,M,1930451866.0,own,
PAN,2021,2710,X,6565327.0,own,
PAN,2021,2711,M,140021631.0,own,
PAN,2021,2711,X,356591.0,own,
PAN,2022,2709,M,0.0,own,
PAN,2022,2709,X,0.0,own,
PAN,2022,2710,M,3169146082.0,own,
PAN,2022,2710,X,7968585.0,own,
PAN,2022,2711,M,279240195.0,own,
PAN,2022,2711,X,579237.0,own,
PAN,2023,2709,M,0.0,own,
PAN,2023,2709,X,0.0,own,
PAN,2023,2710,M,2694798608.0,own,
PAN,2023,2710,X,9892265.0,own,
PAN,2023,2711,M,103566506.0,own,
PAN,2023,2711,X,177127.0,own,
PER,2015,2709,M,1620696104.69,own,
PER,2015,2709,X,120071360.5,own,
PER,2015,2710,M,2494121271.67,own,
PER,2015,2710,X,2276724117.54,own,
PER,2015,2711,M,40248073.76,own,
PER,2015,2711,X,483643609.31,own,
PER,2016,2709,M,1632527344.31,own,
PER,2016,2709,X,24015819.21,own,
PER,2016,2710,M,2316797593.11,own,
PER,2016,2710,X,1713919917.24,own,
PER,2016,2711,M,60708108.83,own,
PER,2016,2711,X,560838008.47,own,
PER,2017,2709,M,2470827072.36,own,
PER,2017,2709,X,25644327.43,own,
PER,2017,2710,M,2989041342.18,own,
PER,2017,2710,X,2637802422.92,own,
PER,2017,2711,M,110740314.95,own,
PER,2017,2711,X,804262440.67,own,
PER,2018,2709,M,2866437057.64,own,
PER,2018,2709,X,138873906.5,own,
PER,2018,2710,M,3696708066.06,own,
PER,2018,2710,X,3022872924.54,own,
PER,2018,2711,M,209489549.87,own,
PER,2018,2711,X,1046103377.49,own,
PER,2019,2709,M,2482729235.74,own,
PER,2019,2709,X,121954090.89,own,
PER,2019,2710,M,3260959145.7,own,
PER,2019,2710,X,2365596965.72,own,
PER,2019,2711,M,134855115.76,own,
PER,2019,2711,X,625433223.08,own,
PER,2020,2709,M,774419015.0,own,
PER,2020,2709,X,151659630.28,own,
PER,2020,2710,M,2282257041.28,own,
PER,2020,2710,X,757337615.01,own,
PER,2020,2711,M,148595594.45,own,
PER,2020,2711,X,531134859.01,own,
PER,2021,2709,M,1818520990.24,own,
PER,2021,2709,X,289657421.83,own,
PER,2021,2710,M,4162398405.69,own,
PER,2021,2710,X,1869040005.79,own,
PER,2021,2711,M,346239432.88,own,
PER,2021,2711,X,1705955330.68,own,
PER,2022,2709,M,2556905489.214,own,
PER,2022,2709,X,508915564.65,own,
PER,2022,2710,M,7922350815.571,own,
PER,2022,2710,X,2410989351.797,own,
PER,2022,2711,M,422525513.936,own,
PER,2022,2711,X,3090297422.573,own,
PER,2023,2709,M,3223329136.8,own,
PER,2023,2709,X,221631764.68,own,
PER,2023,2710,M,5597924465.31,own,
PER,2023,2710,X,2378990313.46,own,
PER,2023,2711,M,343976358.4,own,
PER,2023,2711,X,1555800524.1,own,
PRI,2015,2709,M,0.0,mirror,0
PRI,2015,2709,X,0.0,mirror,0
PRI,2015,2710,M,0.0,mirror,0
PRI,2015,2710,X,0.0,mirror,0
PRI,2015,2711,M,0.0,mirror,0
PRI,2015,2711,X,0.0,mirror,0
PRI,2016,2709,M,0.0,mirror,0
PRI,2016,2709,X,0.0,mirror,0
PRI,2016,2710,M,0.0,mirror,0
PRI,2016,2710,X,0.0,mirror,0
PRI,2016,2711,M,0.0,mirror,0
PRI,2016,2711,X,0.0,mirror,0
PRI,2017,2709,M,0.0,mirror,0
PRI,2017,2709,X,0.0,mirror,0
PRI,2017,2710,M,0.0,mirror,0
PRI,2017,2710,X,0.0,mirror,0
PRI,2017,2711,M,0.0,mirror,0
PRI,2017,2711,X,0.0,mirror,0
PRI,2018,2709,M,0.0,mirror,0
PRI,2018,2709,X,0.0,mirror,0
PRI,2018,2710,M,0.0,mirror,0
PRI,2018,2710,X,0.0,mirror,0
PRI,2018,2711,M,0.0,mirror,0
PRI,2018,2711,X,0.0,mirror,0
PRI,2019,2709,M,0.0,mirror,0
PRI,2019,2709,X,0.0,mirror,0
PRI,2019,2710,M,0.0,mirror,0
PRI,2019,2710,X,0.0,mirror,0
PRI,2019,2711,M,0.0,mirror,0
PRI,2019,2711,X,0.0,mirror,0
PRI,2020,2709,M,0.0,mirror,0
PRI,2020,2709,X,0.0,mirror,0
PRI,2020,2710,M,0.0,mirror,0
PRI,2020,2710,X,0.0,mirror,0
PRI,2020,2711,M,0.0,mirror,0
PRI,2020,2711,X,0.0,mirror,0
PRI,2021,2709,M,0.0,mirror,0
PRI,2021,2709,X,0.0,mirror,0
PRI,2021,2710,M,0.0,mirror,0
PRI,2021,2710,X,0.0,mirror,0
PRI,2021,2711,M,0.0,mirror,0
PRI,2021,2711,X,0.0,mirror,0
PRI,2022,2709,M,0.0,mirror,0
PRI,2022,2709,X,0.0,mirror,0
PRI,2022,2710,M,0.0,mirror,0
PRI,2022,2710,X,0.0,mirror,0
PRI,2022,2711,M,0.0,mirror,0
PRI,2022,2711,X,0.0,mirror,0
PRI,2023,2709,M,0.0,mirror,0
PRI,2023,2709,X,0.0,mirror,0
PRI,2023,2710,M,0.0,mirror,0
PRI,2023,2710,X,0.0,mirror,0
PRI,2023,2711,M,0.0,mirror,0
PRI,2023,2711,X,0.0,mirror,0
PRY,2015,2709,M,41811.0,own,
PRY,2015,2709,X,0.0,own,
PRY,2015,2710,M,1324168034.0,own,
PRY,2015,2710,X,50793247.0,own,
PRY,2015,2711,M,41188677.0,own,
PRY,2015,2711,X,0.0,own,
PRY,2016,2709,M,7021.0,own,
PRY,2016,2709,X,0.0,own,
PRY,2016,2710,M,1091939974.0,own,
PRY,2016,2710,X,28768981.0,own,
PRY,2016,2711,M,35574908.0,own,
PRY,2016,2711,X,0.0,own,
PRY,2017,2709,M,70643.0,own,
PRY,2017,2709,X,0.0,own,
PRY,2017,2710,M,1281888658.0,own,
PRY,2017,2710,X,45853088.0,own,
PRY,2017,2711,M,44843590.0,own,
PRY,2017,2711,X,0.0,own,
PRY,2018,2709,M,65285.0,own,
PRY,2018,2709,X,0.0,own,
PRY,2018,2710,M,1730671563.0,own,
PRY,2018,2710,X,311.0,own,
PRY,2018,2711,M,53217999.0,own,
PRY,2018,2711,X,1437.0,own,
PRY,2019,2709,M,36739.0,own,
PRY,2019,2709,X,0.0,own,
PRY,2019,2710,M,1528675629.0,own,
PRY,2019,2710,X,132147.0,own,
PRY,2019,2711,M,40437359.0,own,
PRY,2019,2711,X,0.0,own,
PRY,2020,2709,M,925.0,own,
PRY,2020,2709,X,0.0,own,
PRY,2020,2710,M,1143919584.0,own,
PRY,2020,2710,X,1469103.0,own,
PRY,2020,2711,M,36208630.0,own,
PRY,2020,2711,X,0.0,own,
PRY,2021,2709,M,812.0,own,
PRY,2021,2709,X,0.0,own,
PRY,2021,2710,M,1611638725.0,own,
PRY,2021,2710,X,34033.0,own,
PRY,2021,2711,M,58303256.0,own,
PRY,2021,2711,X,0.0,own,
PRY,2022,2709,M,754.52,own,
PRY,2022,2709,X,0.0,own,
PRY,2022,2710,M,2418350328.93,own,
PRY,2022,2710,X,7755737.41,own,
PRY,2022,2711,M,51776055.34,own,
PRY,2022,2711,X,0.0,own,
PRY,2023,2709,M,12200.59,own,
PRY,2023,2709,X,0.0,own,
PRY,2023,2710,M,1983776102.156,own,
PRY,2023,2710,X,81153.6,own,
PRY,2023,2711,M,41762258.01,own,
PRY,2023,2711,X,0.0,own,
SLV,2015,2709,M,83.86,own,
SLV,2015,2709,X,0.0,own,
SLV,2015,2710,M,1167949096.49,own,
SLV,2015,2710,X,99795565.94,own,
SLV,2015,2711,M,140088779.43,own,
SLV,2015,2711,X,3300426.11,own,
SLV,2016,2709,M,57053.53,own,
SLV,2016,2709,X,0.0,own,
SLV,2016,2710,M,908511745.86,own,
SLV,2016,2710,X,89757482.43,own,
SLV,2016,2711,M,199679794.98,own,
SLV,2016,2711,X,60848190.98,own,
SLV,2017,2709,M,36840.95,own,
SLV,2017,2709,X,0.0,own,
SLV,2017,2710,M,1012632059.68,own,
SLV,2017,2710,X,95984074.28,own,
SLV,2017,2711,M,272010053.85,own,
SLV,2017,2711,X,83177083.69,own,
SLV,2018,2709,M,68378.22,own,
SLV,2018,2709,X,0.0,own,
SLV,2018,2710,M,1342803512.94,own,
SLV,2018,2710,X,112849101.76,own,
SLV,2018,2711,M,304901027.11,own,
SLV,2018,2711,X,94523092.1,own,
SLV,2019,2709,M,12484.42,own,
SLV,2019,2709,X,6588.45,own,
SLV,2019,2710,M,1259158206.83,own,
SLV,2019,2710,X,119206531.33,own,
SLV,2019,2711,M,232032085.0,own,
SLV,2019,2711,X,66069927.75,own,
SLV,2020,2709,M,8869.56,own,
SLV,2020,2709,X,0.0,own,
SLV,2020,2710,M,718083476.65,own,
SLV,2020,2710,X,76813963.95,own,
SLV,2020,2711,M,217574923.99,own,
SLV,2020,2711,X,66777889.33,own,
SLV,2021,2709,M,40888.53,own,
SLV,2021,2709,X,0.0,own,
SLV,2021,2710,M,1382476613.64,own,
SLV,2021,2710,X,107731787.45,own,
SLV,2021,2711,M,411630638.33,own,
SLV,2021,2711,X,137445386.43,own,
SLV,2022,2709,M,86810.69,own,
SLV,2022,2709,X,0.0,own,
SLV,2022,2710,M,2129509398.8,own,
SLV,2022,2710,X,151591526.43,own,
SLV,2022,2711,M,525594205.85,own,
SLV,2022,2711,X,148669963.92,own,
SLV,2023,2709,M,0.0,own,
SLV,2023,2709,X,6534.0,own,
SLV,2023,2710,M,1952904568.91,own,
SLV,2023,2710,X,153542251.0,own,
SLV,2023,2711,M,522388475.45,own,
SLV,2023,2711,X,115501474.0,own,
SUR,2015,2709,M,0.0,own,
SUR,2015,2709,X,0.0,own,
SUR,2015,2710,M,233957507.566,own,
SUR,2015,2710,X,13769.681,own,
SUR,2015,2711,M,0.0,own,
SUR,2015,2711,X,0.0,own,
SUR,2016,2709,M,0.0,own,
SUR,2016,2709,X,0.0,own,
SUR,2016,2710,M,179181358.268,own,
SUR,2016,2710,X,0.0,own,
SUR,2016,2711,M,61395.069,own,
SUR,2016,2711,X,0.0,own,
SUR,2017,2709,M,0.0,own,
SUR,2017,2709,X,0.0,own,
SUR,2017,2710,M,131866206.078,own,
SUR,2017,2710,X,139335408.975,own,
SUR,2017,2711,M,134980.057,own,
SUR,2017,2711,X,0.0,own,
SUR,2018,2709,M,0.0,own,
SUR,2018,2709,X,0.0,own,
SUR,2018,2710,M,98805033.215,own,
SUR,2018,2710,X,266849.272,own,
SUR,2018,2711,M,0.0,own,
SUR,2018,2711,X,0.0,own,
SUR,2019,2709,M,0.0,own,
SUR,2019,2709,X,0.0,own,
SUR,2019,2710,M,189571237.655,own,
SUR,2019,2710,X,31921.555,own,
SUR,2019,2711,M,105551.519,own,
SUR,2019,2711,X,0.0,own,
SUR,2020,2709,M,0.0,own,
SUR,2020,2709,X,1051.04,own,
SUR,2020,2710,M,173681436.718,own,
SUR,2020,2710,X,18373.79,own,
SUR,2020,2711,M,24704498.955,own,
SUR,2020,2711,X,0.0,own,
SUR,2021,2709,M,0.0,own,
SUR,2021,2709,X,0.0,own,
SUR,2021,2710,M,108737625.03,own,
SUR,2021,2710,X,72679239.41,own,
SUR,2021,2711,M,24666507.46,own,
SUR,2021,2711,X,0.0,own,
SUR,2022,2709,M,482702.72,own,
SUR,2022,2709,X,0.0,own,
SUR,2022,2710,M,137523918.42,own,
SUR,2022,2710,X,195573374.52,own,
SUR,2022,2711,M,23174906.63,own,
SUR,2022,2711,X,0.0,own,
SUR,2023,2709,M,0.0,own,
SUR,2023,2709,X,34601.67,own,
SUR,2023,2710,M,188086038.285,own,
SUR,2023,2710,X,453799.945,own,
SUR,2023,2711,M,14660810.149,own,
SUR,2023,2711,X,0.0,own,
TTO,2015,2709,M,2566609260.59,own,
TTO,2015,2709,X,269309834.631,own,
TTO,2015,2710,M,56537169.394,own,
TTO,2015,2710,X,1325561737.61,own,
TTO,2015,2711,M,462769.345,own,
TTO,2015,2711,X,3097050560.761,own,
TTO,2016,2709,M,2003815816.154,own,
TTO,2016,2709,X,240399218.088,own,
TTO,2016,2710,M,40770508.906,own,
TTO,2016,2710,X,690756991.922,own,
TTO,2016,2711,M,344078.47,own,
TTO,2016,2711,X,1603600772.027,own,
TTO,2017,2709,M,1608440737.581,own,
TTO,2017,2709,X,473848431.252,own,
TTO,2017,2710,M,22595321.692,own,
TTO,2017,2710,X,2044256955.339,own,
TTO,2017,2711,M,252167.146,own,
TTO,2017,2711,X,1604746970.553,own,
TTO,2018,2709,M,2336570990.517,own,
TTO,2018,2709,X,598570732.095,own,
TTO,2018,2710,M,34165682.88,own,
TTO,2018,2710,X,2504029642.552,own,
TTO,2018,2711,M,6405954.316,own,
TTO,2018,2711,X,1882447949.334,own,
TTO,2019,2709,M,714.07,own,
TTO,2019,2709,X,1114808226.113,own,
TTO,2019,2710,M,1036603166.884,own,
TTO,2019,2710,X,484250202.075,own,
TTO,2019,2711,M,9891944.398,own,
TTO,2019,2711,X,1360149274.173,own,
TTO,2020,2709,M,575.91,own,
TTO,2020,2709,X,730879374.415,own,
TTO,2020,2710,M,150842262.841,own,
TTO,2020,2710,X,688596864.503,own,
TTO,2020,2711,M,394062.536,own,
TTO,2020,2711,X,499283790.06,own,
TTO,2021,2709,M,97.802,own,
TTO,2021,2709,X,1181693766.749,own,
TTO,2021,2710,M,30143196.007,own,
TTO,2021,2710,X,613256222.271,own,
TTO,2021,2711,M,248445.727,own,
TTO,2021,2711,X,552554103.638,own,
TTO,2022,2709,M,490.483,own,
TTO,2022,2709,X,2059983526.756,own,
TTO,2022,2710,M,38029462.296,own,
TTO,2022,2710,X,16614499.26,own,
TTO,2022,2711,M,499926.216,own,
TTO,2022,2711,X,1245105785.815,own,
TTO,2023,2709,M,850.634,own,
TTO,2023,2709,X,1149385610.0,own,
TTO,2023,2710,M,3313748693.422,own,
TTO,2023,2710,X,445498688.647,own,
TTO,2023,2711,M,392778.066,own,
TTO,2023,2711,X,792323985.669,own,
URY,2015,2709,M,818104138.0,own,
URY,2015,2709,X,0.0,own,
URY,2015,2710,M,241312880.0,own,
URY,2015,2710,X,21803464.0,own,
URY,2015,2711,M,51358820.0,own,
URY,2015,2711,X,0.0,own,
URY,2016,2709,M,677517227.0,own,
URY,2016,2709,X,12.0,own,
URY,2016,2710,M,83731432.0,own,
URY,2016,2710,X,33472215.0,own,
URY,2016,2711,M,52589986.0,own,
URY,2016,2711,X,0.0,own,
URY,2017,2709,M,219167107.0,own,
URY,2017,2709,X,0.0,own,
URY,2017,2710,M,684361623.09,own,
URY,2017,2710,X,15913584.0,own,
URY,2017,2711,M,86933961.25,own,
URY,2017,2711,X,0.0,own,
URY,2018,2709,M,1122157523.0,own,
URY,2018,2709,X,8.0,own,
URY,2018,2710,M,46637995.72,own,
URY,2018,2710,X,21725300.0,own,
URY,2018,2711,M,54606727.16,own,
URY,2018,2711,X,0.0,own,
URY,2019,2709,M,990988777.0,own,
URY,2019,2709,X,0.0,own,
URY,2019,2710,M,35196609.23,own,
URY,2019,2710,X,3760805.0,own,
URY,2019,2711,M,47537442.13,own,
URY,2019,2711,X,317518.0,own,
URY,2020,2709,M,681093055.0,own,
URY,2020,2709,X,0.0,own,
URY,2020,2710,M,89755087.33,own,
URY,2020,2710,X,5486534.0,own,
URY,2020,2711,M,45075380.53,own,
URY,2020,2711,X,314155.0,own,
URY,2021,2709,M,1111576321.0,own,
URY,2021,2709,X,0.0,own,
URY,2021,2710,M,238085176.92,own,
URY,2021,2710,X,11547240.0,own,
URY,2021,2711,M,71089220.68,own,
URY,2021,2711,X,2099269.0,own,
URY,2022,2709,M,1656540677.0,own,
URY,2022,2709,X,0.0,own,
URY,2022,2710,M,354467366.98,own,
URY,2022,2710,X,476961.0,own,
URY,2022,2711,M,102347783.37,own,
URY,2022,2711,X,460152.0,own,
URY,2023,2709,M,863538592.96,own,
URY,2023,2709,X,0.0,own,
URY,2023,2710,M,772201867.17,own,
URY,2023,2710,X,562206.0,own,
URY,2023,2711,M,108696140.46,own,
URY,2023,2711,X,161782.0,own,
VCT,2015,2709,M,586.966,own,
VCT,2015,2709,X,0.0,own,
VCT,2015,2710,M,34046062.206,own,
VCT,2015,2710,X,9191.798,own,
VCT,2015,2711,M,5976603.26,own,
VCT,2015,2711,X,0.0,own,
VCT,2016,2709,M,0.0,own,
VCT,2016,2709,X,0.0,own,
VCT,2016,2710,M,35431568.098,own,
VCT,2016,2710,X,5370.898,own,
VCT,2016,2711,M,3888415.552,own,
VCT,2016,2711,X,0.0,own,
VCT,2017,2709,M,0.0,own,
VCT,2017,2709,X,0.0,own,
VCT,2017,2710,M,26675370.499,own,
VCT,2017,2710,X,4702.069,own,
VCT,2017,2711,M,3969390.401,own,
VCT,2017,2711,X,98.618,own,
VCT,2018,2709,M,0.0,own,
VCT,2018,2709,X,0.0,own,
VCT,2018,2710,M,45632519.934,own,
VCT,2018,2710,X,12301.843,own,
VCT,2018,2711,M,4728531.794,own,
VCT,2018,2711,X,0.0,own,
VCT,2019,2709,M,0.0,own,
VCT,2019,2709,X,0.0,own,
VCT,2019,2710,M,35795298.51,own,
VCT,2019,2710,X,13550.45,own,
VCT,2019,2711,M,3486732.83,own,
VCT,2019,2711,X,0.0,own,
VCT,2020,2709,M,8317.25,own,
VCT,2020,2709,X,0.0,own,
VCT,2020,2710,M,31738362.23,own,
VCT,2020,2710,X,3369.51,own,
VCT,2020,2711,M,3761481.31,own,
VCT,2020,2711,X,0.0,own,
VCT,2021,2709,M,0.0,own,
VCT,2021,2709,X,0.0,own,
VCT,2021,2710,M,40916981.492,own,
VCT,2021,2710,X,13414.815,own,
VCT,2021,2711,M,5464054.135,own,
VCT,2021,2711,X,0.0,own,
VCT,2022,2709,M,0.0,own,
VCT,2022,2709,X,0.0,own,
VCT,2022,2710,M,64304927.54,own,
VCT,2022,2710,X,66051.675,own,
VCT,2022,2711,M,5092441.259,own,
VCT,2022,2711,X,0.0,own,
VCT,2023,2709,M,0.0,own,
VCT,2023,2709,X,0.0,own,
VCT,2023,2710,M,41233224.785,own,
VCT,2023,2710,X,11251.055,own,
VCT,2023,2711,M,4962805.315,own,
VCT,2023,2711,X,0.0,own,
VEN,2015,2709,M,0.0,mirror,0
VEN,2015,2709,X,27902085512.735,mirror,16
VEN,2015,2710,M,2369839614.713,mirror,35
VEN,2015,2710,X,6047727256.885,mirror,32
VEN,2015,2711,M,130659553.893,mirror,7
VEN,2015,2711,X,11243306.458999999,mirror,9
VEN,2016,2709,M,906.753,mirror,1
VEN,2016,2709,X,21096537523.347,mirror,13
VEN,2016,2710,M,1746701544.135,mirror,30
VEN,2016,2710,X,4282200726.298,mirror,35
VEN,2016,2711,M,30062027.48,mirror,3
VEN,2016,2711,X,78012265.51,mirror,8
VEN,2017,2709,M,804.356,mirror,1
VEN,2017,2709,X,25528359856.195,mirror,13
VEN,2017,2710,M,1983420898.762,mirror,32
VEN,2017,2710,X,3991746814.605,mirror,38
VEN,2017,2711,M,19027520.939,mirror,3
VEN,2017,2711,X,58724144.193,mirror,7
VEN,2018,2709,M,47748840.581,mirror,2
VEN,2018,2709,X,27841434900.98,mirror,11
VEN,2018,2710,M,4538799928.175,mirror,37
VEN,2018,2710,X,4553998478.342,mirror,31
VEN,2018,2711,M,80166743.945,mirror,4
VEN,2018,2711,X,66858830.981,mirror,8
VEN,2019,2709,M,0.0,mirror,0
VEN,2019,2709,X,14705669105.547,mirror,11
VEN,2019,2710,M,940214543.648,mirror,39
VEN,2019,2710,X,1693412875.278,mirror,16
VEN,2019,2711,M,16754851.979,mirror,3
VEN,2019,2711,X,25839443.447,mirror,3
VEN,2020,2709,M,0.0,mirror,0
VEN,2020,2709,X,3415745266.559,mirror,7
VEN,2020,2710,M,968636713.084,mirror,34
VEN,2020,2710,X,827403043.6470001,mirror,11
VEN,2020,2711,M,80637.0,mirror,3
VEN,2020,2711,X,1960338.96,mirror,1
VEN,2021,2709,M,31474520.0,mirror,1
VEN,2021,2709,X,535697932.07,mirror,4
VEN,2021,2710,M,231862925.458,mirror,32
VEN,2021,2710,X,588261148.7739999,mirror,8
VEN,2021,2711,M,171417.0,mirror,2
VEN,2021,2711,X,16559.307,mirror,1
VEN,2022,2709,M,0.0,mirror,0
VEN,2022,2709,X,573231622.899,mirror,2
VEN,2022,2710,M,198934153.657,mirror,36
VEN,2022,2710,X,17763837.184,mirror,9
VEN,2022,2711,M,101798.0,mirror,2
VEN,2022,2711,X,0.0,mirror,0
VEN,2023,2709,M,0.0,mirror,0
VEN,2023,2709,X,4045188527.736,mirror,2
VEN,2023,2710,M,670049838.705,mirror,35
VEN,2023,2710,X,27385674.73,mirror,7
VEN,2023,2711,M,27001.0,mirror,2
VEN,2023,2711,X,0.0,mirror,0
